code,name,name_local,city,state,lat,lon
NDLS,New Delhi,नई दिल्ली,New Delhi,Delhi,28.6430,77.2190
NZM,Hazrat Nizamuddin,हज़रत निज़ामुद्दीन,New Delhi,Delhi,28.5882,77.2528
CSTM,Mumbai CSMT,मुंबई छत्रपति शिवाजी महाराज टर्मिनस,Mumbai,Maharashtra,18.9402,72.8356
MMCT,Mumbai Central,मुंबई सेंट्रल,Mumbai,Maharashtra,18.9712,72.8197
ADI,Ahmedabad Jn,અમદાવાદ જંક્શન,Ahmedabad,Gujarat,23.0225,72.6011
BRC,Vadodara Jn,વડોદરા જંક્શન,Vadodara,Gujarat,22.3064,73.1792
ST,Surat,સુરત,Surat,Gujarat,21.1875,72.8263
RTM,Ratlam Jn,रतलाम जंक्शन,Ratlam,Madhya Pradesh,23.3315,75.0367
KOTA,Kota Jn,कोटा जंक्शन,Kota,Rajasthan,25.1772,75.8458
JP,Jaipur Jn,जयपुर जंक्शन,Jaipur,Rajasthan,26.9196,75.7870
MTJ,Mathura Jn,मथुरा जंक्शन,Mathura,Uttar Pradesh,27.4812,77.6721
AGC,Agra Cantt,आगरा छावनी,Agra,Uttar Pradesh,27.1576,78.0098
GWL,Gwalior Jn,ग्वालियर जंक्शन,Gwalior,Madhya Pradesh,26.2150,78.1802
JHS,Jhansi Jn,झाँसी जंक्शन,Jhansi,Uttar Pradesh,25.4484,78.5685
BPL,Bhopal Jn,भोपाल जंक्शन,Bhopal,Madhya Pradesh,23.2680,77.4020
ET,Itarsi Jn,इतारसी जंक्शन,Itarsi,Madhya Pradesh,22.7530,77.7651
NGP,Nagpur Jn,नागपुर जंक्शन,Nagpur,Maharashtra,21.1520,79.0896
PUNE,Pune Jn,पुणे जंक्शन,Pune,Maharashtra,18.5285,73.8745
LKO,Lucknow,लखनऊ,Lucknow,Uttar Pradesh,26.8315,80.9150
CNB,Kanpur Central,कानपुर सेंट्रल,Kanpur,Uttar Pradesh,26.4592,80.3470
ASR,Amritsar Jn,ਅੰਮ੍ਰਿਤਸਰ ਜੰਕਸ਼ਨ,Amritsar,Punjab,31.6330,74.8728
CDG,Chandigarh,ਚੰਡੀਗੜ੍ਹ,Chandigarh,Chandigarh,30.6996,76.7892
HWH,Howrah Jn,হাওড়া জংশন,Howrah,West Bengal,22.5830,88.3660
PNBE,Patna Jn,पटना जंक्शन,Patna,Bihar,25.6029,85.1370
GAYA,Gaya Jn,गया जंक्शन,Gaya,Bihar,24.7960,85.0100
DDU,Pt DD Upadhyaya Jn,पं दीनदयाल उपाध्याय जंक्शन,Chandauli,Uttar Pradesh,25.2810,83.0190
BBS,Bhubaneswar,ଭୁବନେଶ୍ୱର,Bhubaneswar,Odisha,20.2660,85.8438
R,Raipur Jn,रायपुर जंक्शन,Raipur,Chhattisgarh,21.2508,81.6306
SC,Secunderabad Jn,సికింద్రాబాద్ జంక్షన్,Hyderabad,Telangana,17.4340,78.5009
BZA,Vijayawada Jn,విజయవాడ జంక్షన్,Vijayawada,Andhra Pradesh,16.5190,80.6300
RU,Renigunta Jn,రేణిగుంట జంక్షన్,Tirupati,Andhra Pradesh,13.6380,79.5080
MAS,MGR Chennai Central,சென்னை சென்ட்ரல்,Chennai,Tamil Nadu,13.0820,80.2750
MS,Chennai Egmore,சென்னை எழும்பூர்,Chennai,Tamil Nadu,13.0788,80.2617
KPD,Katpadi Jn,கட்பாடி ஜங்ஷன்,Vellore,Tamil Nadu,12.9680,79.1340
SBC,KSR Bengaluru,ಕೆಎಸ್ಆರ್ ಬೆಂಗಳೂರು,Bengaluru,Karnataka,12.9776,77.5665
ED,Erode Jn,ஈரோடு ஜங்ஷன்,Erode,Tamil Nadu,11.3430,77.7170
SA,Salem Jn,சேலம் ஜங்ஷன்,Salem,Tamil Nadu,11.6500,78.1480
TPJ,Tiruchirappalli Jn,திருச்சிராப்பள்ளி ஜங்ஷன்,Tiruchirappalli,Tamil Nadu,10.7930,78.6900
MDU,Madurai Jn,மதுரை ஜங்ஷன்,Madurai,Tamil Nadu,9.9200,78.1140
CBE,Coimbatore Jn,கோயம்புத்தூர் ஜங்ஷன்,Coimbatore,Tamil Nadu,11.0010,76.9660
TVC,Thiruvananthapuram Ctl,തിരുവനന്തപുരം സെൻട്രൽ,Thiruvananthapuram,Kerala,8.4868,76.9520
ERS,Ernakulam Jn,എറണാകുളം ജംഗ്ഷൻ,Ernakulam,Kerala,9.9700,76.2890
MAO,Madgaon Jn,मडगांव जंक्शन,Margao,Goa,15.2700,73.9770
