train_number,seq,station_code,arrival,departure,distance_km,day_offset
12951,1,MMCT,,17:00,0.0,0
12951,2,BRC,21:02,21:10,392.4,0
12951,3,RTM,00:18,00:25,653.1,1
12951,4,KOTA,03:35,03:40,917.5,1
12951,5,NDLS,08:32,,1384.2,1
12952,1,NDLS,,16:25,0.0,0
12952,2,KOTA,21:25,21:30,466.7,0
12952,3,RTM,00:35,00:42,731.1,1
12952,4,BRC,03:54,04:02,991.8,1
12952,5,MMCT,08:15,,1384.2,1
12621,1,MAS,,22:00,0.0,0
12621,2,BZA,04:00,04:10,431.0,1
12621,3,NGP,14:45,14:55,1083.0,1
12621,4,ET,16:35,16:45,1178.0,1
12621,5,BPL,18:05,18:15,1270.0,1
12621,6,JHS,21:15,21:25,1487.0,1
12621,7,GWL,22:23,22:28,1584.0,1
12621,8,AGC,23:35,23:40,1693.0,1
12621,9,NDLS,02:30,,2175.0,2
12622,1,NDLS,,22:30,0.0,0
12622,2,AGC,00:55,01:00,195.0,1
12622,3,JHS,02:45,02:55,303.0,1
12622,4,BPL,06:15,06:25,520.0,1
12622,5,NGP,10:25,10:35,702.0,1
12622,6,BZA,20:30,20:40,1744.0,1
12622,7,MAS,03:05,,2175.0,2
12001,1,NDLS,,06:00,0.0,0
12001,2,AGC,07:57,08:00,195.0,0
12001,3,GWL,09:23,09:25,306.0,0
12001,4,JHS,10:50,10:55,403.0,0
12001,5,BPL,13:39,,703.0,0
12002,1,BPL,,14:40,0.0,0
12002,2,JHS,17:15,17:20,300.0,0
12002,3,GWL,18:40,18:42,397.0,0
12002,4,AGC,20:05,20:08,508.0,0
12002,5,NDLS,22:10,,703.0,0
22691,1,SBC,,20:00,0.0,0
22691,2,SC,05:00,05:10,610.0,1
22691,3,NGP,15:30,15:40,1211.0,1
22691,4,BPL,20:50,21:00,1700.0,1
22691,5,JHS,23:50,23:55,1917.0,1
22691,6,NZM,05:55,,2361.0,2
22692,1,NZM,,20:45,0.0,0
22692,2,JHS,02:25,02:30,444.0,1
22692,3,BPL,05:35,05:45,661.0,1
22692,4,NGP,10:55,11:05,1150.0,1
22692,5,SC,21:05,21:15,1751.0,1
22692,6,SBC,06:20,,2361.0,2
